Coefficient name,Corresponding polynomial,Coefficient value
a1,X1^2,1.0000000000000004
a2,X2^2,-0.99999999999999811
a3,X1*X2,0.50000000000000056
a4,X1,1.9999999999999965
a5,X2,-1.0000000000000091
a6,1,5.0000000000000089
