Coefficient name,Corresponding polynomial,Coefficient value
a1,h^2,1.0000000000000004
a2,p^2,-0.99999999999999811
a3,h*p,0.50000000000000056
a4,h,1.9999999999999965
a5,p,-1.0000000000000091
a6,1,5.0000000000000089
